Bond Name,ISIN,Coupon,Issue Date,Months until Maturity,Last Coupon Date,Months since Last Coupon,Years to Maturity,Maturity Date,2020-01-02,2020-01-03,2020-01-06,2020-01-07,2020-01-08,2020-01-09,2020-01-10,2020-01-13,2020-01-14,2020-01-15
CAN 1.5 Mar 20,CA135087D929,0.0150,2014-10-14,2,2019-10-14,4,  1/6 ,2020-03-01,99.85,99.86,99.86,99.86,99.86,99.86,99.86,99.86,99.86,99.86
CAN 0.75 Sep 20,CA135087E596,0.0075,2015-04-13,8,2019-10-13,4,  2/3 ,2020-09-01,99.26,99.28,99.28,99.27,99.28,99.28,99.28,99.27,99.28,99.3
CAN 0.75 Mar 21,CA135087F254,0.0075,2015-10-19,14,2019-10-19,4,1  1/6 ,2021-03-01,98.89,98.93,98.95,98.94,98.92,98.92,98.88,98.9,98.9,98.93
CAN 0.75 Sep 21,CA135087F585,0.0075,2016-04-11,20,2019-10-11,4,1  2/3 ,2021-09-01,98.41,98.45,98.49,98.46,98.46,98.43,98.43,98.38,98.41,98.42
CAN 0.5 Mar 22,CA135087G328,0.0050,2016-10-11,26,2019-10-11,4,2  1/6 ,2022-03-01,97.57,97.63,97.66,97.65,97.64,97.6,97.61,97.57,97.58,97.61
CAN 2.75 Jun 22,CA135087ZU15,0.0275,2011-08-02,29,2019-08-02,1,2  5/12,2022-06-01,102.53,102.59,102.62,102.59,102.58,102.52,102.52,102.46,102.47,102.51
CAN 1.75 Mar 23,CA135087H490,0.0175,2017-10-06,38,2019-10-06,4,3  1/6 ,2023-03-01,100.31,100.42,100.48,100.45,100.44,100.35,100.31,100.27,100.31,100.38
CAN 1.5 Jun 23,CA135087A610,0.0150,2012-07-30,41,2019-07-30,1,3  5/12,2023-06-01,99.48,99.59,99.65,99.61,99.62,99.54,99.53,99.44,99.49,99.56
CAN 2.25 Mar 24,CA135087J546,0.0225,2018-10-05,50,2019-10-05,4,4  1/6 ,2024-03-01,102.52,102.65,102.75,102.58,102.68,102.53,102.47,102.46,102.54,102.64
CAN 1.5 Sep 24,CA135087J967,0.0150,2019-04-05,56,2019-10-05,4,4  2/3 ,2024-09-01,98.72,98.95,99.29,99.11,99.25,98.99,99.03,99.06,98.99,99.1
CAN 2.25 Jun 25,CA135087D507,0.0225,2014-06-30,65,2019-12-30,1,5  5/12,2025-06-01,103.29,103.49,103.65,103.54,103.55,103.33,103.3,103.26,103.36,103.53